{
  "templateId": "templates/combined-example.yaml",
  "data": {
    "applicant": {
      "firstName": "John",
      "lastName": "Doe",
      "ssn": "123-45-6789",
      "dateOfBirth": "01/15/1985",
      "contact": {
        "email": "john.doe@example.com",
        "phone": "(555) 123-4567"
      }
    },
    "invoiceNumber": "INV-2026-999",
    "date": "January 4, 2026",
    "customer": {
      "name": "John Doe",
      "address": "123 Main St, Anytown, USA",
      "email": "john.doe@example.com"
    },
    "items": [
      { "description": "Application Processing Fee", "quantity": 1, "price": 50.00 },
      { "description": "Document Verification", "quantity": 1, "price": 25.00 }
    ],
    "total": 75.00
  }
}
