{
  "templateId": "templates/freemarker-example.yaml",
  "data": {
    "invoiceNumber": "INV-2026-001",
    "date": "January 4, 2026",
    "customer": {
      "name": "Jane Smith",
      "address": "456 Oak Avenue, Springfield, IL",
      "email": "jane.smith@example.com"
    },
    "items": [
      { "description": "Web Design Services", "quantity": 1, "price": 1500.00 },
      { "description": "Hosting (Annual)", "quantity": 1, "price": 240.00 },
      { "description": "Domain Registration", "quantity": 2, "price": 15.00 }
    ],
    "total": 1770.00
  }
}
