{
  "namespace": "tenant-a",
  "templateId": "composite-enrollment.yaml",
  "data": {
    "application": {
      "state": "CT",
      "primaryFirstName": "Jane",
      "primaryLastName": "Smith",
      "primaryDob": "1985-06-20",
      "spouseFirstName": "John",
      "spouseLastName": "Smith",
      "spouseDob": "1983-03-15",
      "applicationId": "APP-001",
      "children": [
        {
          "firstName": "Alice",
          "lastName": "Smith",
          "dob": "2010-05-20"
        },
        {
          "firstName": "Bob",
          "lastName": "Smith",
          "dob": "2012-08-15"
        }
      ]
    }
  }
}
